id,data_inicio,data_fim,local,objetivo,oficial_responsavel_id,created_at,updated_at,created_by,updated_by
1,2023-01-15,2023-01-20,Lisboa,Patrulhamento urbano,2,1765403168,1765403168,1,1
2,2023-02-10,2023-02-15,Porto,Operacao de seguranca,5,1765403168,1765403168,1,1
3,2023-03-05,2023-03-10,Coimbra,Transporte de material,2,1765403168,1765403168,1,1
4,2023-04-12,2023-04-18,Braga,Apoio logistico,5,1765403168,1765403168,1,1
5,2023-05-20,2023-05-25,Aveiro,Vigilancia,2,1765403168,1765403168,1,1
6,2023-06-08,2023-06-12,Faro,Operacao especial,5,1765403168,1765403168,1,1
